{
	"name" 		: "ColdBox Debugger",
	"author" 	: "Curt Gratz <gratzc@compknowhow.com",
	"version"	: "1.0.0",
	"slug"		: "coldbox-debugger",
	"directory"	: "/modules",
	"type"		: "modules",
	"engines"	: [
		{ "type" : "railo", "version" : ">3.1" },
		{ "type" : "adobe", "version" : ">9.0" }
	],
	"contributors"		: [
		"Brad Wood <bdw429s@gmail.com>", "Luis Majano <lmajano@ortussolutions.com>"
	],
	"testbox" 	: {
		"runner" : {
			"cf10" 	: "http://cf10cboxdev.jfetmac/codedepot/cbox-debugger/test/runner.cfm",
			"railo" : "http://railocboxdev.jfetmac/codedepot/cbox-debugger/test/runner.cfm"
		}
	},
	"devdependencies" : {
		"testbox" : ">2.0"
	}
}